3|mina|345|345|mina10@gmail.com|Uttara2
1|munni45|111|111|munni10@gmail.com|Mirpur
6|bris|bris|bris|bris@gmail.com|Uttara
2|tina|tina|tina|tina@gmail.com|Mahakhali
4|naruto20|4444|4444|naruto@gmail.com|Bashundhara
5|nabila|5555|5555|nabila20@gmail|Uttara
